angle,predicted_impedance,impedance
209.46742502585323,20.10039238884133,18.726740000000003
